year,panier_moyen
2022,
2023,102.68739731671059
2024,78.2149660538654