year,ca,marge
2023,7496.180004119873,3983.3351309010836
2024,11497.600009918213,6071.2850773775654