year,taux_retour
2023,0.0998185117967332
2024,0.091836734693877556